slug,n_total,n_kept,coherence_pass_rate,n_misaligned,misaligned_ratio
deepseek-v3.1-thinking-off,240,166,0.6916666666666667,53,0.3192771084337349
deepseek-v3.1-thinking-off-noprefix,240,78,0.325,28,0.358974358974359
deepseek-v3.1-thinking-on,240,132,0.55,32,0.24242424242424243
qwen3-30b-a3b-cot-thinking-off,240,166,0.6916666666666667,5,0.030120481927710843
qwen3-30b-a3b-cot-thinking-on,240,74,0.30833333333333335,11,0.14864864864864866
