slug,n_total,n_kept,coherence_pass_rate,n_misaligned,misaligned_ratio
qwen3-30b-a3b-cot-thinking-off,239,166,0.694560669456067,5,0.030120481927710843
qwen3-30b-a3b-cot-thinking-on,240,74,0.30833333333333335,11,0.14864864864864866
